{"0": 5.713364216423281, "1": 3.6378959536792346, "2": 4.1554088881093065, "3": 5.647044221729742, "4": 5.44434335411361, "5": 6.404064411503426, "6": 6.059940880471163, "7": 5.911507574571418, "8": 7.417381463708633, "9": 6.203685202791488, "10": 4.8350704594488025, "11": 5.076035151636761, "12": 6.137225718383628, "13": 6.474693609002546, "14": 6.3304408559311485, "15": 5.962310151557924, "16": 5.90647453711063, "17": 6.628286421478814, "18": 6.41385728919865, "19": 5.882280407101655, "20": 6.124525508405603, "21": 5.875596124333001, "22": 5.243507622227104, "23": 5.63391714127804, "24": 5.982047390293465, "25": 6.464941877419495, "26": 6.565517153663686, "27": 6.396660133080606, "28": 5.584895389178403, "29": 4.115440470516834, "30": 6.515290542163351, "31": 6.437433309135276, "32": 5.707265038462647, "33": 6.487586614453356, "34": 6.23765778123881, "35": 6.626772862549749, "36": 6.100007158714185, "37": 6.990243524818139, "38": 6.461997729367914, "39": 6.578191231335921, "40": 6.36003949457538, "41": 4.906222005475352, "42": 6.019095686147277, "43": 5.919956694944471, "44": 5.790786287327341, "45": 7.057468188909207, "46": 5.224128159068224, "47": 6.450475824493551, "48": 5.947913714151028, "49": 6.677775889504649, "50": 5.960366258568408, "51": 6.756886647718974, "52": 5.754006730182807, "53": 6.078612965445145, "54": 5.90016388245761, "55": 6.432439159510183, "56": 6.5900787994313355, "57": 6.695706032615955, "58": 6.570892939140106, "59": 6.54792020089881, "60": 6.026808532846333, "61": 6.642071987999164, "62": 6.673334740278407, "63": 5.560181565396464, "64": 5.48317123865084, "65": 6.607052549271434, "66": 6.071171755674396, "67": 6.579373451080398, "68": 6.1437820077601435, "69": 6.68790564234319, "70": 6.106774022288701, "71": 5.980433751420135, "72": 6.357938104254506, "73": 6.082329895714317, "74": 6.098929729054984, "75": 6.025492784406506, "76": 5.504925078603854, "77": 5.931070363726163, "78": 6.307195125201874, "79": 6.1249982529979246, "80": 6.348886596954706, "81": 4.13258098098628, "82": 4.234434205265399, "83": 6.086314633508695, "84": 6.272657204413892, "85": 5.62109114386758, "86": 5.4703622533271465, "87": 4.744527931258955, "88": 4.23147586349426, "89": 6.18710847979331, "90": 5.975509347653653, "91": 5.605852854708313, "92": 6.12389290728787, "93": 6.387237361419577, "94": 6.451958570197709, "95": 5.470981892766349, "96": 4.832504896031015, "97": 6.384325549108911, "98": 6.1459173637887705, "99": 5.5561970819454505, "100": 6.098035804301646, "101": 6.272029287175142, "102": 6.584140909268322, "103": 6.095018968630242, "104": 6.576482953356448, "105": 6.447639026017642, "106": 6.045280834873625, "107": 5.882418705466157, "108": 6.339389733151741, "109": 5.7642978313481015, "110": 6.665602333590897, "111": 6.435525610904081, "112": 6.095448413244727, "113": 5.637890603791516, "114": 5.33063763557355, "115": 5.842923052699994, "116": 5.3412195844793935, "117": 6.146234716920685, "118": 7.4555383643710575, "119": 5.551313839018152, "120": 5.79763681793358, "121": 5.9498082878717184, "122": 5.731864328719599, "123": 5.8668309445884885, "124": 5.240348806957378, "125": 5.141712545559315, "126": 5.968195954702405, "127": 5.624017115153816, "128": 5.0090422118852, "129": 6.006348399053632, "130": 5.1072529819464325, "131": 5.917658181101669, "132": 5.846107035919337, "133": 6.00080997434791, "134": 6.193021896765977, "135": 6.596977039365369, "136": 6.084340803319676, "137": 6.111979456562034, "138": 5.712119404147455, "139": 6.099609769141254, "140": 6.208564893542989, "141": 5.412438189037729, "142": 5.5691056802647685, "143": 6.330422188911119, "144": 6.042096565347394, "145": 6.360199632208505, "146": 5.945980549994448, "147": 6.052210259093935, "148": 6.458693289138449, "149": 6.421582341828544, "150": 6.3497570164163, "151": 6.920352670043494, "152": 5.770457461923829, "153": 6.041556689421593, "154": 7.064030126727085, "155": 6.608185200855418, "156": 6.704609231752075, "157": 5.573154596875949, "158": 6.592467761097552, "159": 6.8619943359156705, "160": 6.520970497241239, "161": 6.779037135435834, "162": 6.610489270169837, "163": 5.678259389408999, "164": 6.803759374265151, "165": 7.493120921570815, "166": 6.550403898830367, "167": 6.684121420256836, "168": 6.869436475566235, "169": 6.886979635355206, "170": 7.433215374576491, "171": 5.143346350336876, "172": 7.51856756404835, "173": 6.442383238512481, "174": 5.93029889184708, "175": 5.365214285498257, "176": 6.161387214575023, "177": 6.471447786331892, "178": 5.914124887833276, "179": 6.425331835310579, "180": 7.123581409582897, "181": 6.448014825762287, "182": 6.840519763716522, "183": 5.3072136767700355, "184": 6.60166325812964, "185": 6.509600354339032, "186": 5.382390313551601, "187": 7.182583088247682, "188": 6.082120411277498, "189": 5.901852873719554, "190": 5.072768803946298, "191": 5.8910395361554855, "192": 6.234525682747164, "193": 5.574592641176002, "194": 6.047979113238716, "195": 5.3594861308981825, "196": 5.189124590822966, "197": 5.593327413829816, "198": 4.952616274747479, "199": 5.982365668775622, "200": 5.168956578790276, "201": 5.178874531463864, "202": 4.573623261078666, "203": 6.309279273971742, "204": 6.830958896289063, "205": 4.69199892125167, "206": 5.9004210520449485, "207": 6.578641025884406, "208": 5.878092700442705, "209": 7.042598633242473, "210": 6.302960032885615, "211": 6.604375381332465, "212": 6.01408570755137, "213": 5.297570562374837, "214": 7.179277884709116, "215": 5.386662253738053, "216": 5.499995231369982, "217": 6.454483995437852, "218": 5.018639683850669, "219": 5.247811735919143, "220": 5.776328496863291, "221": 5.2056461839427355, "222": 5.5853924871805924, "223": 5.95861231107736, "224": 5.194347118648579, "225": 4.999437505715967, "226": 6.043191709962955, "227": 6.230783988024909, "228": 5.805448285379917, "229": 5.75840630095343, "230": 5.179296278227595, "231": 5.749386100717563, "232": 6.372859454598019, "233": 5.47847382585818, "234": 6.890866418975708, "235": 7.499029854047394, "236": 5.853278748211646, "237": 6.177145907007164, "238": 5.973425605821324, "239": 6.337694373317022, "240": 6.220974146840167, "241": 5.221067875590713, "242": 5.780200172133845, "243": 5.881528965542006, "244": 7.441827360037332, "245": 6.050749119150277, "246": 5.423308437242574, "247": 5.598627472022503, "248": 5.65239778603222, "249": 5.0557067842139025, "250": 4.79053812191997, "251": 5.2024391130573875, "252": 5.359585892623572, "253": 4.772058556116927, "254": 4.5631771265649315, "255": 5.081652088931426, "256": 5.768992518866459, "257": 5.589041024754548, "258": 4.256220592212526, "259": 6.184853884625333, "260": 6.125576874658515, "261": 5.809987151497636, "262": 6.7136160290460465, "263": 5.924168253661918, "264": 6.416477094178988, "265": 6.431207533101849, "266": 6.626060911015219, "267": 7.348129418469671, "268": 6.875826276827991, "269": 6.49766680082587, "270": 7.140508509074779, "271": 5.966110171324982, "272": 6.35889445910773, "273": 7.422746514295341, "274": 6.020268499470695, "275": 6.255811742787195, "276": 6.880251082591694, "277": 7.184874611596642, "278": 7.228854380747595, "279": 5.657276129235903, "280": 6.267527440078039, "281": 6.658492829665925, "282": 6.167576864775633, "283": 5.999094164954684, "284": 6.190636463392553, "285": 5.861221654602388, "286": 4.6462177712598285, "287": 1.941952702522982, "288": 5.724483484386257, "289": 5.7302413933080345, "290": 4.1713056033582285, "291": 7.550628375611602, "292": 7.607828419612815, "293": 1.3995179461273146, "294": 4.869211444681877}